<?xml version="1.0" encoding="UTF-8"?>
<tiendas xmlns:xsi="http://www.w3.org/2001/XMLSchema-instance" 
xsi:noNamespaceSchemaLocation="regalos.xsd">

    <tienda cif="12345678A" descuentosAplicables="25% 20% 15% 10%">
        <nombre>ElectroTech</nombre>
        <regalos>
            <regalo codigo="ABC123DEF" precio="199.99" iva="21" descuento="20%">
                Robot Inteligente
                <url tipo="http">http://electrotech.com/robot</url>
                <marca><mattel/><!--Elemento vacio--></marca>
            </regalo>
            <bombazo codigo="213456GHI">
                Oferta Especial
                <url tipo="https">https://electrotech.com/oferta-especial</url>
            </bombazo>
        </regalos>
    </tienda>
    <tienda cif="98765432B" descuentosAplicables="20% 25% 15%">
        <nombre>SonidoPerfecto</nombre>
        <regalos>
            <regalo codigo="729JKL456" precio="79.99" iva="19" descuento="15%">
                Auriculares Inalámbricos
                <url tipo="http">http://sonidoperfecto.es/auriculares</url>
                <marca><giochiPreziosi/><!--Elemento vacio--></marca>
            </regalo>
            <bombazo codigo="456MNO789">
                ¡Sorpresa Sonora!
                <url tipo="https">https://sonidoperfecto.es/sorpresa-sonora</url>
            </bombazo>
        </regalos>
    </tienda>
    <tienda cif="54321678C"  descuentosAplicables="15% 10%">
        <nombre>FraganciasElegantes</nombre>
        <regalos>
            <regalo codigo="PQR789XYZ" precio="149.99" iva="20" descuento="10%">
                Set de Perfumes
                <url tipo="https">https://fraganciaselegantes.com/perfumes</url>
                <marca><mattel/><!--Elemento vacio--></marca>
            </regalo>
            <bombazo codigo="123ABC456">
                ¡Oferta Exclusiva!
                <url tipo="http">http://fraganciaselegantes.com/oferta-exclusiva</url>
            </bombazo>
        </regalos>
    </tienda>
</tiendas>
